id_venta;producto;precio;cantidad;fecha_venta;categoria
2448;SmartWatch;10991,0;12,0;2024-10-16;Electrónica
1053;Microondas;11278,0;10,0;2024-09-09;Electrodomésticos
1211;Freidora eléctrica;11272,0;7,0;2024-11-27;Electrodomésticos
1563;Microondas;11161,0;2,0;2024-06-04;Electrodomésticos
2059;Proyector;11666,0;12,0;2024-03-22;Electrónica
72;Cuadro decorativo;11156,0;1,0;2024-10-20;Decoración
381;Lámpara de mesa;12457,0;3,0;2024-02-07;Decoración
363;Espejo decorativo;11902,0;1,0;2024-07-01;Decoración
2938;SmartWatch;12268,0;1,0;2024-01-29;Electrónica
681;Lámpara de mesa;11304,0;1,0;2024-10-03;Decoración
576;Cortinas;12236,0;8,0;2024-11-09;Decoración
2947;Cámara digital;10778,0;3,0;2024-01-05;Electrónica
2887;Cámara digital;11802,0;1,0;2024-04-22;Electrónica
2038;SmartWatch;10058,0;5,0;2024-12-28;Electrónica
493;Espejo decorativo;10932,0;10,0;2024-04-29;Decoración
2571;Parlantes Bluetooth;12336,0;5,0;2024-02-14;Electrónica
1202;Microondas;11925,0;11,0;2024-08-09;Electrodomésticos
683;Espejo decorativo;12355,0;5,0;2024-09-30;Decoración
1316;Secadora;11021,0;11,0;2024-04-18;Electrodomésticos
2076;Laptop;11186,0;2,0;2024-08-10;Electrónica
2440;Consola de videojuegos;11079,0;8,0;2024-02-11;Electrónica
2513;Smartphone;11912,0;8,0;2024-12-24;Electrónica
2053;Smartphone;11595,0;4,0;2024-07-11;Electrónica
2674;Tablet;11652,0;3,0;2024-06-06;Electrónica
252;Cuadro decorativo;11099,0;8,0;2024-02-19;Decoración
2057;Cámara digital;10929,0;10,0;2024-06-25;Electrónica
1096;Secadora;11514,0;10,0;2024-04-29;Electrodomésticos
2393;Smartphone;11388,0;9,0;2024-03-13;Electrónica
165;Alfombra;11083,0;2,0;2024-07-04;Decoración
139;Candelabro;11430,0;2,0;2024-08-01;Decoración
784;Jarrón decorativo;10983,0;6,0;2024-05-29;Decoración
271;Lámpara de mesa;10731,0;2,0;2024-08-19;Decoración
410;Adorno de pared;10964,0;3,0;2024-06-21;Decoración
1538;Cafetera;12080,0;7,0;2024-09-21;Electrodomésticos
1470;Plancha de vapor;10711,0;3,0;2024-12-15;Electrodomésticos
2346;Laptop;10485,0;3,0;2024-09-11;Electrónica
2079;Proyector;11174,0;6,0;2024-02-02;Electrónica
2486;Laptop;12495,0;11,0;2024-04-08;Electrónica
2864;Tablet;10506,0;6,0;2024-09-29;Electrónica
1014;Aspiradora;10617,0;12,0;2024-10-25;Electrodomésticos
118;Rincón de plantas;10762,0;6,0;2024-09-09;Decoración
2094;Auriculares;11897,0;5,0;2024-10-23;Electrónica
674;Jarrón decorativo;10863,0;9,0;2024-10-27;Decoración
1210;Plancha de vapor;10196,0;10,0;2024-01-31;Electrodomésticos
2206;Laptop;10549,0;7,0;2024-12-05;Electrónica
740;Adorno de pared;10319,0;9,0;2024-06-06;Decoración
2490;Consola de videojuegos;12279,0;6,0;2024-04-13;Electrónica
469;Candelabro;10520,0;10,0;2024-08-16;Decoración
691;Lámpara de mesa;11159,0;2,0;2024-07-13;Decoración
653;Espejo decorativo;10793,0;8,0;2024-12-17;Decoración
2428;SmartWatch;11500,0;10,0;2024-01-12;Electrónica
2325;Auriculares;11743,0;11,0;2024-01-11;Electrónica
795;Alfombra;12405,0;10,0;2024-07-02;Decoración
1837;Horno eléctrico;10412,0;9,0;2024-12-30;Electrodomésticos
2029;Proyector;12437,0;8,0;2024-04-14;Electrónica
263;Espejo decorativo;10307,0;6,0;2024-11-07;Decoración
1426;Secadora;10423,0;4,0;2024-09-16;Electrodomésticos
33;Espejo decorativo;11371,0;7,0;2024-10-20;Decoración
1951;Freidora eléctrica;11216,0;5,0;2024-11-21;Electrodomésticos
458;Rincón de plantas;11755,0;7,0;2024-12-13;Decoración
800;Adorno de pared;11674,0;3,0;2024-12-21;Decoración
88;Rincón de plantas;10933,0;9,0;2024-01-13;Decoración
1670;Plancha de vapor;10157,0;7,0;2024-03-16;Electrodomésticos
737;Elementos de cerámica;11682,0;3,0;2024-02-10;Decoración
2291;Parlantes Bluetooth;11195,0;5,0;2024-10-14;Electrónica
2453;Smartphone;11635,0;6,0;2024-09-06;Electrónica
208;Rincón de plantas;10788,0;10,0;2024-06-15;Decoración
1673;Microondas;11855,0;12,0;2024-09-14;Electrodomésticos
1994;Aspiradora;10908,0;7,0;2024-08-28;Electrodomésticos
2806;Laptop;12486,0;5,0;2024-08-27;Electrónica
2297;Cámara digital;11943,0;5,0;2024-01-18;Electrónica
2446;Laptop;11474,0;2,0;2024-09-24;Electrónica
1881;Freidora eléctrica;10786,0;9,0;2024-11-20;Electrodomésticos
338;Rincón de plantas;11446,0;12,0;2024-11-23;Decoración
581;Lámpara de mesa;10658,0;3,0;2024-02-26;Decoración
1671;Freidora eléctrica;10634,0;8,0;2024-11-16;Electrodomésticos
429;Candelabro;10411,0;5,0;2024-08-19;Decoración
1768;Cafetera;12032,0;9,0;2024-01-26;Electrodomésticos
2707;Cámara digital;10482,0;6,0;2024-11-26;Electrónica
1659;Batidora;10149,0;6,0;2024-10-28;Electrodomésticos
2163;Smartphone;10639,0;12,0;2024-05-08;Electrónica
538;Rincón de plantas;11989,0;4,0;2024-04-22;Decoración
933;Espejo decorativo;11002,0;1,0;2024-01-26;Decoración
2293;Smartphone;11515,0;4,0;2024-07-09;Electrónica
2871;Parlantes Bluetooth;10108,0;7,0;2024-02-14;Electrónica
1778;Cafetera;11218,0;12,0;2024-05-15;Electrodomésticos
1420;Plancha de vapor;10054,0;6,0;2024-11-03;Electrodomésticos
2741;Parlantes Bluetooth;11271,0;6,0;2024-06-30;Electrónica
48;Rincón de plantas;10285,0;3,0;2024-04-10;Decoración
2207;Cámara digital;11008,0;4,0;2024-06-03;Electrónica
2645;Auriculares;12264,0;10,0;2024-04-27;Electrónica
1160;Plancha de vapor;12424,0;2,0;2024-12-01;Electrodomésticos
1097;Horno eléctrico;12269,0;10,0;2024-04-14;Electrodomésticos
1891;Freidora eléctrica;11296,0;6,0;2024-10-22;Electrodomésticos
866;Cortinas;10033,0;8,0;2024-08-26;Decoración
1823;Microondas;11918,0;6,0;2024-05-16;Electrodomésticos
763;Espejo decorativo;11799,0;3,0;2024-02-04;Decoración
2377;Cámara digital;10792,0;9,0;2024-06-14;Electrónica
1597;Horno eléctrico;11511,0;3,0;2024-12-22;Electrodomésticos
2254;Tablet;11094,0;6,0;2024-06-25;Electrónica
1396;Secadora;11364,0;4,0;2024-11-25;Electrodomésticos
734;Jarrón decorativo;10899,0;6,0;2024-02-29;Decoración
2813;Smartphone;11494,0;11,0;2024-03-22;Electrónica
488;Rincón de plantas;11492,0;1,0;2024-07-20;Decoración
2355;Auriculares;11948,0;8,0;2024-12-23;Electrónica
880;Adorno de pared;10574,0;10,0;2024-11-12;Decoración
2917;Cámara digital;12087,0;7,0;2024-01-09;Electrónica
2646;Laptop;11198,0;8,0;2024-04-26;Electrónica
2554;Auriculares;10007,0;11,0;2024-03-15;Electrónica
908;Rincón de plantas;10689,0;1,0;2024-05-19;Decoración
1084;Aspiradora;11983,0;7,0;2024-06-23;Electrodomésticos
2953;Smartphone;12100,0;12,0;2024-01-29;Electrónica
557;Elementos de cerámica;10886,0;6,0;2024-02-02;Decoración
2412;Televisor;10845,0;8,0;2024-11-06;Electrónica
1629;Batidora;10894,0;6,0;2024-04-16;Electrodomésticos
1613;Microondas;10199,0;5,0;2024-05-28;Electrodomésticos
536;Cortinas;10795,0;1,0;2024-05-02;Decoración
702;Cuadro decorativo;11256,0;9,0;2024-02-28;Decoración
278;Rincón de plantas;12276,0;10,0;2024-10-17;Decoración
2169;Proyector;12034,0;1,0;2024-04-06;Electrónica
1046;Secadora;10900,0;11,0;2024-01-30;Electrodomésticos
549;Lámpara de mesa;11613,0;8,0;2024-03-27;Decoración
1377;Horno eléctrico;11065,0;8,0;2024-05-19;Electrodomésticos
195;Alfombra;11512,0;12,0;2024-03-21;Decoración
2376;Laptop;10601,0;5,0;2024-10-09;Electrónica
663;Espejo decorativo;10268,0;4,0;2024-12-13;Decoración
1004;Aspiradora;10700,0;8,0;2024-05-03;Electrodomésticos
725;Alfombra;11136,0;11,0;2024-10-12;Decoración
1578;Cafetera;10198,0;2,0;2024-04-11;Electrodomésticos
90;Adorno de pared;11930,0;2,0;2024-06-14;Decoración
1615;Lavadora;11440,0;1,0;2024-10-19;Electrodomésticos
1644;Aspiradora;12336,0;11,0;2024-09-30;Electrodomésticos
1715;Lavadora;11922,0;11,0;2024-04-29;Electrodomésticos
2931;Parlantes Bluetooth;11022,0;2,0;2024-05-16;Electrónica
819;Lámpara de mesa;12257,0;6,0;2024-05-03;Decoración
2216;Laptop;11631,0;11,0;2024-08-02;Electrónica
1987;Horno eléctrico;11312,0;6,0;2024-10-26;Electrodomésticos
2936;Laptop;12404,0;3,0;2024-09-05;Electrónica
1477;Horno eléctrico;11826,0;11,0;2024-04-23;Electrodomésticos
376;Cortinas;10627,0;2,0;2024-06-01;Decoración
106;Cortinas;10189,0;7,0;2024-05-21;Decoración
1228;Cafetera;11589,0;4,0;2024-09-26;Electrodomésticos
1326;Secadora;10940,0;7,0;2024-10-18;Electrodomésticos
216;Cortinas;12497,0;6,0;2024-09-06;Decoración
2552;Televisor;12259,0;7,0;2024-06-11;Electrónica
1848;Cafetera;12327,0;4,0;2024-02-06;Electrodomésticos
1475;Lavadora;10380,0;10,0;2024-07-31;Electrodomésticos
1251;Freidora eléctrica;11311,0;12,0;2024-03-27;Electrodomésticos
57;Elementos de cerámica;10456,0;12,0;2024-12-02;Decoración
1102;Cafetera;10833,0;2,0;2024-02-01;Electrodomésticos
2182;Televisor;10546,0;11,0;2024-05-01;Electrónica
810;Adorno de pared;10557,0;7,0;2024-06-11;Decoración
2310;Consola de videojuegos;10241,0;5,0;2024-04-01;Electrónica
1980;Plancha de vapor;11537,0;2,0;2024-11-26;Electrodomésticos
2688;SmartWatch;11973,0;12,0;2024-03-13;Electrónica
2638;SmartWatch;12400,0;5,0;2024-11-18;Electrónica
589;Lámpara de mesa;11178,0;2,0;2024-11-19;Decoración
752;Cuadro decorativo;11051,0;11,0;2024-02-23;Decoración
2660;Consola de videojuegos;12446,0;4,0;2024-10-29;Electrónica
180;Adorno de pared;11838,0;11,0;2024-08-20;Decoración
2708;SmartWatch;11530,0;10,0;2024-05-06;Electrónica
1826;Secadora;10943,0;9,0;2024-06-29;Electrodomésticos
2572;Televisor;12348,0;7,0;2024-03-02;Electrónica
1406;Secadora;11335,0;8,0;2024-08-08;Electrodomésticos
2333;Smartphone;10948,0;5,0;2024-05-10;Electrónica
882;Cuadro decorativo;10192,0;9,0;2024-01-04;Decoración
2459;Proyector;11881,0;2,0;2024-11-30;Electrónica
1339;Batidora;10541,0;1,0;2024-08-18;Electrodomésticos
1846;Secadora;12429,0;2,0;2024-04-25;Electrodomésticos
1990;Plancha de vapor;11342,0;3,0;2024-06-16;Electrodomésticos
2815;Auriculares;11707,0;12,0;2024-08-08;Electrónica
1680;Plancha de vapor;11030,0;9,0;2024-04-20;Electrodomésticos
1042;Heladera;12185,0;10,0;2024-03-12;Electrodomésticos
67;Elementos de cerámica;10907,0;12,0;2024-12-10;Decoración
1446;Secadora;12412,0;10,0;2024-05-27;Electrodomésticos
188;Rincón de plantas;10162,0;9,0;2024-03-18;Decoración
1063;Microondas;10839,0;12,0;2024-06-04;Electrodomésticos
2390;Consola de videojuegos;10830,0;4,0;2024-07-26;Electrónica
961;Lámpara de mesa;10306,0;9,0;2024-03-19;Decoración
502;Cuadro decorativo;12085,0;10,0;2024-06-29;Decoración
1511;Freidora eléctrica;11649,0;2,0;2024-09-30;Electrodomésticos
492;Cuadro decorativo;12022,0;5,0;2024-02-18;Decoración
361;Lámpara de mesa;12089,0;2,0;2024-11-17;Decoración
2576;Laptop;12353,0;10,0;2024-10-02;Electrónica
614;Jarrón decorativo;10704,0;7,0;2024-09-29;Decoración
142;Cuadro decorativo;11444,0;10,0;2024-11-06;Decoración
1845;Lavadora;11969,0;5,0;2024-05-05;Electrodomésticos
158;Rincón de plantas;11714,0;8,0;2024-10-07;Decoración
2569;Proyector;10495,0;5,0;2024-11-26;Electrónica
1117;Horno eléctrico;10357,0;1,0;2024-01-21;Electrodomésticos
143;Espejo decorativo;10188,0;9,0;2024-06-16;Decoración
1479;Batidora;12107,0;1,0;2024-05-21;Electrodomésticos
233;Espejo decorativo;10652,0;5,0;2024-07-08;Decoración
503;Espejo decorativo;10191,0;3,0;2024-01-16;Decoración
2785;Auriculares;12280,0;3,0;2024-04-10;Electrónica
1233;Microondas;11022,0;12,0;2024-10-10;Electrodomésticos
743;Espejo decorativo;11704,0;8,0;2024-12-29;Decoración
655;Alfombra;12449,0;11,0;2024-11-13;Decoración
1077;Horno eléctrico;11424,0;5,0;2024-12-14;Electrodomésticos
928;Rincón de plantas;11180,0;5,0;2024-02-22;Decoración
1502;Heladera;11252,0;4,0;2024-03-24;Electrodomésticos
2962;Televisor;11865,0;5,0;2024-04-24;Electrónica
393;Espejo decorativo;12211,0;7,0;2024-02-07;Decoración
1009;Batidora;11903,0;8,0;2024-04-17;Electrodomésticos
616;Cortinas;10796,0;9,0;2024-04-15;Decoración
1221;Freidora eléctrica;11279,0;11,0;2024-10-10;Electrodomésticos
1998;Cafetera;10111,0;7,0;2024-07-02;Electrodomésticos
200;Adorno de pared;11040,0;5,0;2024-07-16;Decoración
1006;Secadora;11690,0;5,0;2024-05-17;Electrodomésticos
656;Cortinas;10726,0;2,0;2024-05-05;Decoración
2736;Laptop;11388,0;1,0;2024-11-01;Electrónica
2036;Laptop;11229,0;4,0;2024-12-02;Electrónica
356;Cortinas;12297,0;5,0;2024-03-03;Decoración
2665;Auriculares;12036,0;2,0;2024-08-11;Electrónica
836;Cortinas;11579,0;1,0;2024-03-16;Decoración
1567;Horno eléctrico;10195,0;4,0;2024-10-11;Electrodomésticos
995;Alfombra;10903,0;10,0;2024-05-31;Decoración
2902;Televisor;11889,0;2,0;2024-09-13;Electrónica
2802;Televisor;10158,0;9,0;2024-05-22;Electrónica
1031;Freidora eléctrica;11797,0;6,0;2024-02-21;Electrodomésticos
234;Jarrón decorativo;11240,0;9,0;2024-03-20;Decoración
1860;Plancha de vapor;10260,0;12,0;2024-03-10;Electrodomésticos
2696;Laptop;10781,0;4,0;2024-12-30;Electrónica
1062;Heladera;12159,0;4,0;2024-10-01;Electrodomésticos
2361;Parlantes Bluetooth;11256,0;8,0;2024-08-31;Electrónica
175;Alfombra;10847,0;2,0;2024-12-05;Decoración
100;Adorno de pared;11216,0;8,0;2024-05-02;Decoración
2601;Parlantes Bluetooth;12198,0;7,0;2024-06-10;Electrónica
490;Adorno de pared;10827,0;8,0;2024-08-22;Decoración
2041;Parlantes Bluetooth;10272,0;2,0;2024-05-26;Electrónica
985;Alfombra;11835,0;3,0;2024-03-03;Decoración
983;Espejo decorativo;12322,0;10,0;2024-01-25;Decoración
1972;Heladera;10549,0;3,0;2024-05-08;Electrodomésticos
2922;Televisor;11566,0;12,0;2024-08-07;Electrónica
622;Cuadro decorativo;10893,0;4,0;2024-07-09;Decoración
1348;Cafetera;11170,0;10,0;2024-11-08;Electrodomésticos
1468;Cafetera;11123,0;2,0;2024-05-11;Electrodomésticos
1272;Cafetera;10092,0;1,0;2024-02-28;Electrodomésticos
1274;Aspiradora;12415,0;9,0;2024-12-28;Electrodomésticos
726;Cortinas;11916,0;6,0;2024-08-30;Decoración
2878;SmartWatch;12244,0;5,0;2024-10-26;Electrónica
1608;Cafetera;12282,0;4,0;2024-05-27;Electrodomésticos
1535;Lavadora;11328,0;10,0;2024-06-15;Electrodomésticos
753;Espejo decorativo;11986,0;4,0;2024-10-05;Decoración
575;Alfombra;11042,0;11,0;2024-05-19;Decoración
631;Lámpara de mesa;11173,0;5,0;2024-07-28;Decoración
77;Elementos de cerámica;12149,0;8,0;2024-07-21;Decoración
2180;Consola de videojuegos;10257,0;9,0;2024-01-06;Electrónica
1481;Freidora eléctrica;12177,0;12,0;2024-01-31;Electrodomésticos
1478;Cafetera;12190,0;2,0;2024-05-29;Electrodomésticos
1625;Lavadora;12145,0;3,0;2024-08-14;Electrodomésticos
1349;Batidora;10089,0;5,0;2024-10-27;Electrodomésticos
1818;Cafetera;11681,0;1,0;2024-11-18;Electrodomésticos
2627;Cámara digital;10283,0;5,0;2024-02-06;Electrónica
770;Adorno de pared;10374,0;5,0;2024-02-07;Decoración
2315;Auriculares;10907,0;4,0;2024-02-04;Electrónica
102;Cuadro decorativo;11997,0;3,0;2024-11-02;Decoración
2867;Cámara digital;11361,0;9,0;2024-12-04;Electrónica
1519;Batidora;10117,0;11,0;2024-10-27;Electrodomésticos
946;Cortinas;10932,0;7,0;2024-02-15;Decoración
1780;Plancha de vapor;11900,0;1,0;2024-11-02;Electrodomésticos
1209;Batidora;11144,0;3,0;2024-03-17;Electrodomésticos
2423;Smartphone;11079,0;1,0;2024-08-26;Electrónica
1916;Secadora;11004,0;11,0;2024-03-13;Electrodomésticos
1350;Plancha de vapor;10568,0;5,0;2024-06-21;Electrodomésticos
2383;Smartphone;10369,0;1,0;2024-04-01;Electrónica
166;Cortinas;10506,0;8,0;2024-05-31;Decoración
2347;Cámara digital;11214,0;3,0;2024-03-14;Electrónica
1359;Batidora;12144,0;11,0;2024-09-25;Electrodomésticos
2007;Cámara digital;11711,0;9,0;2024-02-03;Electrónica
2983;Smartphone;11860,0;11,0;2024-03-09;Electrónica
2838;SmartWatch;11530,0;3,0;2024-03-29;Electrónica
1723;Microondas;10360,0;9,0;2024-07-30;Electrodomésticos
1978;Cafetera;10466,0;11,0;2024-03-14;Electrodomésticos
2978;SmartWatch;11544,0;9,0;2024-05-19;Electrónica
109;Lámpara de mesa;10394,0;9,0;2024-04-28;Decoración
2755;Auriculares;11800,0;8,0;2024-09-14;Electrónica
1305;Lavadora;11472,0;9,0;2024-03-12;Electrodomésticos
976;Cortinas;11476,0;11,0;2024-05-20;Decoración
664;Jarrón decorativo;10066,0;6,0;2024-09-05;Decoración
310;Adorno de pared;10379,0;2,0;2024-01-27;Decoración
1784;Aspiradora;11524,0;3,0;2024-04-06;Electrodomésticos
1082;Heladera;10748,0;12,0;2024-06-03;Electrodomésticos
2476;Laptop;10923,0;7,0;2024-02-02;Electrónica
371;Lámpara de mesa;11045,0;12,0;2024-11-18;Decoración
1515;Lavadora;10837,0;1,0;2024-01-24;Electrodomésticos
2872;Televisor;10588,0;3,0;2024-11-19;Electrónica
2493;Smartphone;12482,0;5,0;2024-03-14;Electrónica
1657;Horno eléctrico;10973,0;9,0;2024-03-14;Electrodomésticos
1372;Heladera;11435,0;8,0;2024-01-02;Electrodomésticos
936;Cortinas;11096,0;2,0;2024-12-01;Decoración
40;Adorno de pared;10032,0;10,0;2024-02-05;Decoración
2106;Laptop;10885,0;1,0;2024-12-12;Electrónica
1293;Microondas;10074,0;11,0;2024-11-02;Electrodomésticos
355;Alfombra;12448,0;4,0;2024-10-17;Decoración
1688;Cafetera;11214,0;3,0;2024-08-20;Electrodomésticos
2697;Cámara digital;11771,0;2,0;2024-02-28;Electrónica
1992;Microondas;12002,0;12,0;2024-06-14;Electrodomésticos
2063;Smartphone;12401,0;12,0;2024-03-05;Electrónica
1677;Horno eléctrico;11679,0;12,0;2024-03-21;Electrodomésticos
1960;Plancha de vapor;10954,0;12,0;2024-08-30;Electrodomésticos
1342;Microondas;11371,0;12,0;2024-08-28;Electrodomésticos
2309;Proyector;11801,0;3,0;2024-12-29;Electrónica
2621;Parlantes Bluetooth;11991,0;9,0;2024-05-02;Electrónica
817;Elementos de cerámica;10631,0;1,0;2024-01-10;Decoración
1570;Plancha de vapor;11448,0;4,0;2024-02-29;Electrodomésticos
625;Alfombra;12491,0;3,0;2024-06-18;Decoración
2330;Consola de videojuegos;12243,0;4,0;2024-09-19;Electrónica
322;Cuadro decorativo;10115,0;6,0;2024-12-03;Decoración
2602;Televisor;11804,0;4,0;2024-11-16;Electrónica
1569;Batidora;12202,0;12,0;2024-02-29;Electrodomésticos
1652;Heladera;10122,0;11,0;2024-12-22;Electrodomésticos
1355;Lavadora;11424,0;9,0;2024-07-07;Electrodomésticos
299;Lámpara de mesa;11955,0;3,0;2024-04-23;Decoración
1410;Plancha de vapor;12277,0;10,0;2024-02-28;Electrodomésticos
1626;Secadora;10273,0;6,0;2024-01-18;Electrodomésticos
2955;Auriculares;10603,0;7,0;2024-06-11;Electrónica
2747;Cámara digital;10628,0;7,0;2024-06-29;Electrónica
1288;Cafetera;12444,0;2,0;2024-06-18;Electrodomésticos
1111;Freidora eléctrica;10012,0;12,0;2024-11-13;Electrodomésticos
79;Lámpara de mesa;11969,0;10,0;2024-02-29;Decoración
527;Elementos de cerámica;10360,0;3,0;2024-05-22;Decoración
2121;Parlantes Bluetooth;10060,0;6,0;2024-01-25;Electrónica
905;Alfombra;11282,0;9,0;2024-04-19;Decoración
2762;Televisor;10705,0;11,0;2024-07-30;Electrónica
2536;Laptop;12096,0;1,0;2024-10-30;Electrónica
1777;Horno eléctrico;10282,0;8,0;2024-05-15;Electrodomésticos
2715;Auriculares;10058,0;7,0;2024-04-16;Electrónica
151;Lámpara de mesa;11301,0;7,0;2024-02-14;Decoración
1764;Aspiradora;11238,0;10,0;2024-02-01;Electrodomésticos
1164;Aspiradora;10232,0;2,0;2024-03-17;Electrodomésticos
603;Espejo decorativo;10442,0;11,0;2024-06-24;Decoración
2910;Consola de videojuegos;12248,0;7,0;2024-07-07;Electrónica
1606;Secadora;10533,0;5,0;2024-05-16;Electrodomésticos
1903;Microondas;10157,0;8,0;2024-07-07;Electrodomésticos
1970;Plancha de vapor;11370,0;5,0;2024-05-08;Electrodomésticos
2995;Laptop;11904,0;6,0;2024-05-31;Electrónica
640;Adorno de pared;11044,0;7,0;2024-12-02;Decoración
2579;Proyector;11550,0;6,0;2024-07-10;Electrónica
1017;Horno eléctrico;11497,0;8,0;2024-08-07;Electrodomésticos
690;Adorno de pared;10395,0;8,0;2024-10-26;Decoración
1632;Heladera;12078,0;8,0;2024-05-30;Electrodomésticos
1633;Microondas;11289,0;1,0;2024-03-31;Electrodomésticos
2470;Consola de videojuegos;11181,0;9,0;2024-10-12;Electrónica
1133;Microondas;12117,0;3,0;2024-10-10;Electrodomésticos
2034;Auriculares;12046,0;8,0;2024-03-30;Electrónica
1598;Cafetera;10375,0;5,0;2024-12-01;Electrodomésticos
257;Elementos de cerámica;10840,0;7,0;2024-06-07;Decoración
418;Rincón de plantas;11202,0;8,0;2024-12-30;Decoración
2139;Proyector;11908,0;3,0;2024-08-12;Electrónica
205;Alfombra;10867,0;4,0;2024-02-11;Decoración
1556;Secadora;11797,0;3,0;2024-10-29;Electrodomésticos
2977;Cámara digital;11601,0;12,0;2024-11-21;Electrónica
179;Lámpara de mesa;12058,0;1,0;2024-06-26;Decoración
2379;Proyector;10852,0;12,0;2024-02-13;Electrónica
2078;SmartWatch;10798,0;8,0;2024-08-10;Electrónica
1067;Horno eléctrico;11621,0;8,0;2024-03-17;Electrodomésticos
912;Cuadro decorativo;11156,0;9,0;2024-01-28;Decoración
1554;Aspiradora;12482,0;3,0;2024-02-07;Electrodomésticos
2022;Televisor;11205,0;3,0;2024-05-13;Electrónica
1749;Batidora;10707,0;9,0;2024-11-15;Electrodomésticos
1668;Cafetera;11139,0;12,0;2024-06-28;Electrodomésticos
2000;Plancha de vapor;10550,0;3,0;2024-09-27;Electrodomésticos
218;Rincón de plantas;12032,0;1,0;2024-01-27;Decoración
193;Espejo decorativo;12137,0;6,0;2024-08-31;Decoración
2178;SmartWatch;10412,0;8,0;2024-10-31;Electrónica
2800;Consola de videojuegos;12162,0;2,0;2024-08-04;Electrónica
1812;Cafetera;10632,0;1,0;2024-03-04;Electrodomésticos
689;Candelabro;11657,0;3,0;2024-08-19;Decoración
2474;Auriculares;12341,0;8,0;2024-02-01;Electrónica
2703;Smartphone;12340,0;12,0;2024-10-03;Electrónica
1028;Cafetera;10844,0;5,0;2024-05-02;Electrodomésticos
2055;Auriculares;10483,0;9,0;2024-06-03;Electrónica
846;Cortinas;12389,0;8,0;2024-06-30;Decoración
2318;SmartWatch;12204,0;9,0;2024-07-30;Electrónica
1953;Microondas;11961,0;2,0;2024-03-15;Electrodomésticos
202;Cuadro decorativo;10672,0;4,0;2024-04-29;Decoración
1131;Freidora eléctrica;11318,0;5,0;2024-12-04;Electrodomésticos
1861;Freidora eléctrica;11019,0;7,0;2024-09-05;Electrodomésticos
1855;Lavadora;12328,0;8,0;2024-02-05;Electrodomésticos
232;Cuadro decorativo;11849,0;6,0;2024-09-30;Decoración
1444;Aspiradora;11858,0;2,0;2024-07-23;Electrodomésticos
485;Alfombra;11390,0;2,0;2024-06-17;Decoración
2598;SmartWatch;11397,0;7,0;2024-10-08;Electrónica
382;Cuadro decorativo;11519,0;3,0;2024-10-11;Decoración
1996;Secadora;11387,0;9,0;2024-12-25;Electrodomésticos
426;Cortinas;11955,0;7,0;2024-04-10;Decoración
2890;Consola de videojuegos;10599,0;5,0;2024-10-31;Electrónica
1179;Batidora;12386,0;3,0;2024-06-09;Electrodomésticos
1571;Freidora eléctrica;11118,0;1,0;2024-01-03;Electrodomésticos
2723;Smartphone;11921,0;11,0;2024-09-08;Electrónica
83;Espejo decorativo;10138,0;6,0;2024-02-19;Decoración
1732;Heladera;10953,0;11,0;2024-05-28;Electrodomésticos
605;Alfombra;12049,0;6,0;2024-11-02;Decoración
2683;Smartphone;11141,0;7,0;2024-03-30;Electrónica
573;Espejo decorativo;11517,0;4,0;2024-09-22;Decoración
1152;Heladera;11686,0;5,0;2024-05-02;Electrodomésticos
2327;Cámara digital;10020,0;12,0;2024-09-11;Electrónica
918;Rincón de plantas;10495,0;9,0;2024-05-20;Decoración
2406;Laptop;12100,0;10,0;2024-10-04;Electrónica
1331;Freidora eléctrica;11697,0;2,0;2024-08-01;Electrodomésticos
2402;Televisor;11753,0;9,0;2024-01-17;Electrónica
1198;Cafetera;10665,0;9,0;2024-05-22;Electrodomésticos
1803;Microondas;12222,0;11,0;2024-04-16;Electrodomésticos
2847;Cámara digital;12231,0;4,0;2024-05-29;Electrónica
1543;Microondas;11871,0;9,0;2024-05-27;Electrodomésticos
1265;Lavadora;12053,0;5,0;2024-02-16;Electrodomésticos
799;Lámpara de mesa;10290,0;5,0;2024-04-29;Decoración
2772;Televisor;10731,0;3,0;2024-05-11;Electrónica
372;Cuadro decorativo;12483,0;6,0;2024-08-04;Decoración
1033;Microondas;11360,0;3,0;2024-10-27;Electrodomésticos
1516;Secadora;10580,0;3,0;2024-04-14;Electrodomésticos
2495;Auriculares;10782,0;4,0;2024-07-14;Electrónica
2266;Laptop;10448,0;5,0;2024-04-15;Electrónica
441;Lámpara de mesa;12013,0;11,0;2024-09-21;Decoración
168;Rincón de plantas;11504,0;9,0;2024-08-15;Decoración
1989;Batidora;12417,0;7,0;2024-12-16;Electrodomésticos
518;Rincón de plantas;11379,0;7,0;2024-04-28;Decoración
1793;Microondas;10834,0;12,0;2024-02-28;Electrodomésticos
2113;Smartphone;11926,0;2,0;2024-11-07;Electrónica
2174;Auriculares;11604,0;11,0;2024-01-07;Electrónica
186;Cortinas;10874,0;3,0;2024-03-04;Decoración
2170;Consola de videojuegos;12240,0;1,0;2024-03-15;Electrónica
1653;Microondas;12464,0;9,0;2024-07-17;Electrodomésticos
198;Rincón de plantas;11515,0;11,0;2024-04-20;Decoración
652;Cuadro decorativo;10052,0;9,0;2024-03-25;Decoración
1890;Plancha de vapor;10224,0;9,0;2024-10-12;Electrodomésticos
2308;SmartWatch;10589,0;9,0;2024-06-08;Electrónica
2194;Auriculares;10222,0;11,0;2024-11-23;Electrónica
1854;Aspiradora;10399,0;8,0;2024-08-01;Electrodomésticos
1462;Heladera;12156,0;12,0;2024-11-15;Electrodomésticos
2280;Consola de videojuegos;10867,0;3,0;2024-07-16;Electrónica
1370;Plancha de vapor;11560,0;10,0;2024-06-03;Electrodomésticos
2690;Consola de videojuegos;10240,0;2,0;2024-01-23;Electrónica
438;Rincón de plantas;10488,0;10,0;2024-10-11;Decoración
2773;Smartphone;10751,0;5,0;2024-01-07;Electrónica
1573;Microondas;12144,0;4,0;2024-09-10;Electrodomésticos
2929;Proyector;11545,0;7,0;2024-06-01;Electrónica
2909;Proyector;10821,0;12,0;2024-11-07;Electrónica
2030;Consola de videojuegos;10800,0;9,0;2024-03-16;Electrónica
1650;Plancha de vapor;11752,0;2,0;2024-10-05;Electrodomésticos
1719;Batidora;10681,0;10,0;2024-05-29;Electrodomésticos
2980;Consola de videojuegos;11060,0;12,0;2024-01-12;Electrónica
34;Jarrón decorativo;12477,0;1,0;2024-09-10;Decoración
1037;Horno eléctrico;12058,0;8,0;2024-07-16;Electrodomésticos
1100;Plancha de vapor;10829,0;5,0;2024-11-27;Electrodomésticos
1508;Cafetera;12468,0;1,0;2024-02-22;Electrodomésticos
1411;Freidora eléctrica;10220,0;5,0;2024-09-30;Electrodomésticos
2763;Smartphone;10784,0;11,0;2024-03-18;Electrónica
1638;Cafetera;12396,0;9,0;2024-01-14;Electrodomésticos
958;Rincón de plantas;11875,0;1,0;2024-09-09;Decoración
1915;Lavadora;10683,0;12,0;2024-07-29;Electrodomésticos
2868;SmartWatch;12457,0;6,0;2024-05-22;Electrónica
1264;Aspiradora;11428,0;6,0;2024-12-08;Electrodomésticos
1324;Aspiradora;10689,0;5,0;2024-12-04;Electrodomésticos
475;Alfombra;12018,0;3,0;2024-05-01;Decoración
154;Jarrón decorativo;12150,0;11,0;2024-07-10;Decoración
1385;Lavadora;11151,0;3,0;2024-10-21;Electrodomésticos
2775;Auriculares;10406,0;11,0;2024-05-02;Electrónica
1287;Horno eléctrico;11605,0;11,0;2024-04-04;Electrodomésticos
2408;SmartWatch;10154,0;5,0;2024-07-31;Electrónica
1301;Freidora eléctrica;11468,0;5,0;2024-11-26;Electrodomésticos
1938;Cafetera;10790,0;11,0;2024-05-09;Electrodomésticos
1631;Freidora eléctrica;11117,0;5,0;2024-05-22;Electrodomésticos
148;Rincón de plantas;10527,0;6,0;2024-08-12;Decoración
497;Elementos de cerámica;12416,0;4,0;2024-12-23;Decoración
769;Candelabro;11328,0;2,0;2024-07-11;Decoración
947;Elementos de cerámica;11734,0;1,0;2024-01-23;Decoración
2988;SmartWatch;10080,0;4,0;2024-05-02;Electrónica
2771;Parlantes Bluetooth;11761,0;2,0;2024-06-30;Electrónica
535;Alfombra;11582,0;1,0;2024-08-02;Decoración
730;Adorno de pared;10390,0;8,0;2024-03-28;Decoración
2857;Cámara digital;10270,0;10,0;2024-07-26;Electrónica
2613;Smartphone;10563,0;6,0;2024-03-16;Electrónica
2417;Cámara digital;10902,0;2,0;2024-10-06;Electrónica
2752;Auriculares;11977,0;5,0;2024-01-31;Electrónica
1904;Aspiradora;10292,0;5,0;2024-03-24;Electrodomésticos
459;Lámpara de mesa;10154,0;4,0;2024-06-02;Decoración
181;Lámpara de mesa;10782,0;8,0;2024-12-15;Decoración
499;Candelabro;10891,0;2,0;2024-10-28;Decoración
2065;Auriculares;10807,0;10,0;2024-06-11;Electrónica
1936;Secadora;11768,0;12,0;2024-07-07;Electrodomésticos
2874;Tablet;11747,0;2,0;2024-01-15;Electrónica
1546;Secadora;10621,0;4,0;2024-01-02;Electrodomésticos
467;Elementos de cerámica;12079,0;12,0;2024-09-06;Decoración
1362;Heladera;10949,0;11,0;2024-01-05;Electrodomésticos
2693;Smartphone;11581,0;1,0;2024-01-28;Electrónica
2898;SmartWatch;10881,0;10,0;2024-05-05;Electrónica
787;Elementos de cerámica;10639,0;6,0;2024-01-26;Decoración
1779;Batidora;12212,0;4,0;2024-10-05;Electrodomésticos
238;Rincón de plantas;10351,0;12,0;2024-11-24;Decoración
2779;Proyector;12182,0;8,0;2024-09-02;Electrónica
2067;Cámara digital;10263,0;7,0;2024-05-28;Electrónica
261;Lámpara de mesa;12414,0;7,0;2024-06-18;Decoración
1583;Microondas;10536,0;9,0;2024-12-30;Electrodomésticos
2885;Auriculares;10040,0;6,0;2024-01-06;Electrónica
2942;Televisor;11968,0;2,0;2024-03-06;Electrónica
2725;Auriculares;10761,0;1,0;2024-10-03;Electrónica
1257;Horno eléctrico;11304,0;8,0;2024-05-15;Electrodomésticos
2179;Proyector;11131,0;11,0;2024-11-21;Electrónica
219;Lámpara de mesa;11490,0;10,0;2024-05-11;Decoración
2066;Laptop;11384,0;2,0;2024-09-09;Electrónica
480;Adorno de pared;11768,0;10,0;2024-08-28;Decoración
2443;Smartphone;11134,0;5,0;2024-10-06;Electrónica
2312;Televisor;10825,0;8,0;2024-04-24;Electrónica
1176;Secadora;11864,0;11,0;2024-05-18;Electrodomésticos
423;Espejo decorativo;11545,0;4,0;2024-08-01;Decoración
2129;Proyector;10798,0;6,0;2024-01-16;Electrónica
104;Jarrón decorativo;10313,0;8,0;2024-01-19;Decoración
756;Cortinas;10729,0;4,0;2024-06-23;Decoración
2786;Laptop;12395,0;11,0;2024-07-28;Electrónica
114;Jarrón decorativo;10403,0;6,0;2024-10-26;Decoración
2548;SmartWatch;10899,0;10,0;2024-02-02;Electrónica
2128;SmartWatch;12302,0;6,0;2024-10-22;Electrónica
1847;Horno eléctrico;11306,0;6,0;2024-07-23;Electrodomésticos
1235;Lavadora;10243,0;7,0;2024-12-02;Electrodomésticos
2388;SmartWatch;10057,0;9,0;2024-03-06;Electrónica
2592;Televisor;10691,0;2,0;2024-08-01;Electrónica
2945;Auriculares;11520,0;1,0;2024-01-30;Electrónica
775;Alfombra;11187,0;7,0;2024-11-30;Decoración
1312;Microondas;11810,0;10,0;2024-08-06;Electrodomésticos
2653;Smartphone;12122,0;6,0;2024-01-29;Electrónica
2821;Parlantes Bluetooth;11762,0;9,0;2024-10-12;Electrónica
1094;Aspiradora;11550,0;8,0;2024-10-27;Electrodomésticos
1440;Plancha de vapor;11821,0;7,0;2024-09-08;Electrodomésticos
2704;Tablet;11789,0;1,0;2024-04-13;Electrónica
604;Jarrón decorativo;12457,0;11,0;2024-08-24;Decoración
2471;Parlantes Bluetooth;10848,0;1,0;2024-09-12;Electrónica
2869;Proyector;12217,0;9,0;2024-12-18;Electrónica
1665;Lavadora;10279,0;9,0;2024-08-21;Electrodomésticos
812;Cuadro decorativo;10732,0;10,0;2024-05-22;Decoración
2373;Smartphone;12360,0;12,0;2024-04-07;Electrónica
2340;Consola de videojuegos;10968,0;5,0;2024-01-25;Electrónica
126;Cortinas;11378,0;1,0;2024-08-12;Decoración
1056;Secadora;10952,0;10,0;2024-05-04;Electrodomésticos
1343;Microondas;10686,0;12,0;2024-05-31;Electrodomésticos
1422;Cafetera;10997,0;2,0;2024-02-07;Electrodomésticos
1469;Batidora;10043,0;8,0;2024-12-05;Electrodomésticos
2192;Televisor;10446,0;12,0;2024-06-23;Electrónica
684;Jarrón decorativo;10689,0;6,0;2024-01-17;Decoración
1696;Secadora;11557,0;12,0;2024-02-10;Electrodomésticos
1921;Freidora eléctrica;12400,0;5,0;2024-03-22;Electrodomésticos
1667;Horno eléctrico;10828,0;8,0;2024-05-19;Electrodomésticos
2313;Smartphone;10395,0;1,0;2024-09-01;Electrónica
2132;Televisor;11796,0;7,0;2024-10-25;Electrónica
1244;Aspiradora;10391,0;4,0;2024-06-19;Electrodomésticos
2080;Consola de videojuegos;10069,0;7,0;2024-04-06;Electrónica
2550;Consola de videojuegos;11887,0;6,0;2024-03-07;Electrónica
1423;Microondas;10825,0;12,0;2024-10-01;Electrodomésticos
314;Jarrón decorativo;10929,0;10,0;2024-03-19;Decoración
712;Cuadro decorativo;10302,0;2,0;2024-06-16;Decoración
713;Espejo decorativo;10489,0;5,0;2024-09-16;Decoración
2167;Cámara digital;11975,0;3,0;2024-12-19;Electrónica
260;Adorno de pared;10148,0;9,0;2024-01-15;Decoración
1271;Freidora eléctrica;11946,0;2,0;2024-01-15;Electrodomésticos
781;Lámpara de mesa;11577,0;11,0;2024-03-06;Decoración
1337;Horno eléctrico;11872,0;2,0;2024-12-24;Electrodomésticos
1909;Batidora;12445,0;5,0;2024-07-20;Electrodomésticos
421;Lámpara de mesa;11483,0;9,0;2024-04-05;Decoración
2215;Auriculares;12496,0;8,0;2024-08-22;Electrónica
2243;Smartphone;10100,0;1,0;2024-08-27;Electrónica
17;Elementos de cerámica;10848,0;11,0;2024-01-07;Decoración
1952;Heladera;11509,0;2,0;2024-04-23;Electrodomésticos
59;Lámpara de mesa;12172,0;8,0;2024-01-21;Decoración
315;Alfombra;12207,0;9,0;2024-01-10;Decoración
1429;Batidora;10349,0;8,0;2024-12-27;Electrodomésticos
2290;Consola de videojuegos;11596,0;7,0;2024-06-21;Electrónica
22;Cuadro decorativo;12236,0;6,0;2024-05-08;Decoración
2270;Consola de videojuegos;11747,0;8,0;2024-03-07;Electrónica
1026;Secadora;12119,0;10,0;2024-08-31;Electrodomésticos
2491;Parlantes Bluetooth;12350,0;9,0;2024-07-28;Electrónica
748;Rincón de plantas;11576,0;3,0;2024-08-04;Decoración
873;Espejo decorativo;12090,0;6,0;2024-05-08;Decoración
2189;Proyector;10031,0;3,0;2024-05-23;Electrónica
988;Rincón de plantas;11547,0;1,0;2024-04-30;Decoración
2004;Tablet;12301,0;11,0;2024-05-25;Electrónica
2088;SmartWatch;11158,0;9,0;2024-04-26;Electrónica
1159;Batidora;11136,0;7,0;2024-11-19;Electrodomésticos
2851;Parlantes Bluetooth;11042,0;2,0;2024-02-03;Electrónica
1379;Batidora;10394,0;5,0;2024-12-03;Electrodomésticos
1461;Freidora eléctrica;10858,0;12,0;2024-09-24;Electrodomésticos
2433;Smartphone;11766,0;5,0;2024-10-07;Electrónica
1361;Freidora eléctrica;10364,0;10,0;2024-04-09;Electrodomésticos
513;Espejo decorativo;11270,0;11,0;2024-07-06;Decoración
1756;Secadora;11361,0;11,0;2024-05-16;Electrodomésticos
902;Cuadro decorativo;11122,0;9,0;2024-05-29;Decoración
2992;Smartphone;11625,0;8,0;2024-02-20;Electrónica
1438;Cafetera;11147,0;8,0;2024-08-04;Electrodomésticos
2187;Cámara digital;10861,0;2,0;2024-01-20;Electrónica
1603;Microondas;11246,0;6,0;2024-05-22;Electrodomésticos
507;Elementos de cerámica;11110,0;1,0;2024-01-13;Decoración
1982;Cafetera;11743,0;8,0;2024-03-07;Electrodomésticos
2223;Smartphone;11689,0;6,0;2024-02-29;Electrónica
2141;Parlantes Bluetooth;11634,0;12,0;2024-09-30;Electrónica
2023;Smartphone;10576,0;12,0;2024-07-24;Electrónica
811;Lámpara de mesa;10510,0;5,0;2024-01-02;Decoración
489;Lámpara de mesa;11120,0;10,0;2024-06-26;Decoración
461;Lámpara de mesa;12183,0;3,0;2024-09-23;Decoración
2172;Televisor;11593,0;8,0;2024-11-25;Electrónica
1958;Cafetera;11580,0;12,0;2024-07-03;Electrodomésticos
1363;Microondas;10490,0;6,0;2024-09-17;Electrodomésticos
1061;Freidora eléctrica;11238,0;11,0;2024-12-19;Electrodomésticos
97;Elementos de cerámica;11632,0;9,0;2024-10-12;Decoración
1018;Cafetera;12143,0;1,0;2024-06-20;Electrodomésticos
1182;Cafetera;11384,0;2,0;2024-02-24;Electrodomésticos
2454;Auriculares;10108,0;10,0;2024-03-18;Electrónica
236;Cortinas;11869,0;9,0;2024-01-15;Decoración
1775;Lavadora;11448,0;6,0;2024-08-04;Electrodomésticos
686;Cortinas;11502,0;12,0;2024-06-08;Decoración
51;Lámpara de mesa;11242,0;5,0;2024-04-27;Decoración
1761;Freidora eléctrica;10997,0;7,0;2024-03-04;Electrodomésticos
2003;Smartphone;11880,0;2,0;2024-03-24;Electrónica
954;Jarrón decorativo;11206,0;1,0;2024-03-04;Decoración
290;Adorno de pared;10050,0;12,0;2024-07-27;Decoración
2137;Cámara digital;10868,0;1,0;2024-10-12;Electrónica
2709;Proyector;10823,0;6,0;2024-07-25;Electrónica
2663;Smartphone;11895,0;10,0;2024-12-18;Electrónica
1038;Cafetera;11728,0;10,0;2024-09-17;Electrodomésticos
2126;Laptop;10726,0;4,0;2024-06-02;Electrónica
2952;Televisor;11258,0;5,0;2024-02-11;Electrónica
1224;Aspiradora;11058,0;4,0;2024-04-19;Electrodomésticos
1292;Microondas;11546,0;2,0;2024-07-03;Electrodomésticos
1085;Lavadora;10853,0;10,0;2024-03-05;Electrodomésticos
1999;Batidora;10327,0;3,0;2024-01-28;Electrodomésticos
537;Elementos de cerámica;12438,0;5,0;2024-04-27;Decoración
1935;Lavadora;10994,0;2,0;2024-08-25;Electrodomésticos
332;Cuadro decorativo;12420,0;10,0;2024-02-26;Decoración
2144;Auriculares;10070,0;11,0;2024-12-11;Electrónica
68;Rincón de plantas;10960,0;4,0;2024-09-23;Decoración
850;Adorno de pared;11203,0;9,0;2024-02-08;Decoración
1526;Secadora;11550,0;7,0;2024-05-25;Electrodomésticos
594;Jarrón decorativo;11595,0;1,0;2024-03-26;Decoración
1549;Batidora;10644,0;6,0;2024-06-27;Electrodomésticos
986;Cortinas;11139,0;10,0;2024-07-07;Decoración
1356;Secadora;12409,0;4,0;2024-04-10;Electrodomésticos
1975;Lavadora;11655,0;6,0;2024-12-11;Electrodomésticos
64;Jarrón decorativo;10416,0;10,0;2024-02-04;Decoración
1754;Aspiradora;10486,0;8,0;2024-01-21;Electrodomésticos
833;Espejo decorativo;11987,0;10,0;2024-04-20;Decoración
1260;Plancha de vapor;12204,0;1,0;2024-03-13;Electrodomésticos
606;Cortinas;10666,0;11,0;2024-01-05;Decoración
1412;Microondas;12418,0;9,0;2024-09-13;Electrodomésticos
2191;Parlantes Bluetooth;12434,0;11,0;2024-05-02;Electrónica
440;Adorno de pared;11349,0;2,0;2024-10-17;Decoración
285;Alfombra;10780,0;7,0;2024-04-14;Decoración
1148;Cafetera;11021,0;4,0;2024-04-02;Electrodomésticos
2351;Parlantes Bluetooth;11566,0;3,0;2024-11-08;Electrónica
167;Elementos de cerámica;10496,0;6,0;2024-12-28;Decoración
2449;Proyector;10425,0;4,0;2024-10-30;Electrónica
2811;Parlantes Bluetooth;11691,0;7,0;2024-06-14;Electrónica
70;Adorno de pared;10542,0;12,0;2024-11-18;Decoración
1110;Plancha de vapor;12318,0;10,0;2024-12-04;Electrodomésticos
1214;Aspiradora;12166,0;3,0;2024-10-23;Electrodomésticos
1025;Lavadora;11978,0;9,0;2024-05-26;Electrodomésticos
2195;Auriculares;12251,0;11,0;2024-09-03;Electrónica
2727;Cámara digital;11498,0;12,0;2024-11-15;Electrónica
869;Candelabro;12478,0;4,0;2024-08-23;Decoración
1109;Batidora;12383,0;12,0;2024-04-11;Electrodomésticos
1105;Lavadora;11672,0;4,0;2024-08-16;Electrodomésticos
2998;Proyector;11584,0;10,0;2024-10-10;Electrónica
2749;Proyector;12050,0;4,0;2024-03-16;Electrónica
2570;Consola de videojuegos;12281,0;6,0;2024-07-17;Electrónica
1537;Horno eléctrico;10351,0;7,0;2024-03-21;Electrodomésticos
1971;Freidora eléctrica;12225,0;11,0;2024-01-04;Electrodomésticos
815;Alfombra;12488,0;7,0;2024-06-26;Decoración
950;Adorno de pared;11642,0;6,0;2024-03-20;Decoración
235;Alfombra;11251,0;6,0;2024-12-30;Decoración
384;Jarrón decorativo;10516,0;6,0;2024-11-22;Decoración
1885;Lavadora;12075,0;10,0;2024-01-11;Electrodomésticos
568;Rincón de plantas;10045,0;1,0;2024-05-26;Decoración
1735;Lavadora;11142,0;7,0;2024-06-08;Electrodomésticos
937;Elementos de cerámica;12114,0;2,0;2024-05-08;Decoración
1088;Cafetera;11694,0;9,0;2024-12-22;Electrodomésticos
2695;Auriculares;10459,0;9,0;2024-02-28;Electrónica
540;Adorno de pared;11050,0;3,0;2024-08-20;Decoración
1580;Plancha de vapor;10376,0;7,0;2024-08-08;Electrodomésticos
1758;Cafetera;11803,0;5,0;2024-04-13;Electrodomésticos
134;Jarrón decorativo;10316,0;11,0;2024-10-09;Decoración
1687;Horno eléctrico;11785,0;5,0;2024-10-14;Electrodomésticos
1222;Heladera;10334,0;8,0;2024-03-22;Electrodomésticos
2498;SmartWatch;10096,0;10,0;2024-03-06;Electrónica
2856;Laptop;12213,0;11,0;2024-03-29;Electrónica
1401;Freidora eléctrica;12299,0;7,0;2024-04-30;Electrodomésticos
2624;Tablet;12297,0;2,0;2024-06-07;Electrónica
2166;Laptop;11557,0;5,0;2024-10-31;Electrónica
2927;Cámara digital;10318,0;9,0;2024-07-13;Electrónica
2;Cuadro decorativo;10612,0;3,0;2024-02-27;Decoración
2095;Auriculares;11760,0;3,0;2024-04-19;Electrónica
2405;Auriculares;10922,0;8,0;2024-09-06;Electrónica
2335;Auriculares;10876,0;8,0;2024-11-07;Electrónica
2072;Televisor;10144,0;11,0;2024-08-14;Electrónica
750;Adorno de pared;10877,0;2,0;2024-09-25;Decoración
1948;Cafetera;11678,0;6,0;2024-03-31;Electrodomésticos
250;Adorno de pared;10458,0;7,0;2024-09-22;Decoración
491;Lámpara de mesa;11822,0;11,0;2024-05-08;Decoración
806;Cortinas;11932,0;9,0;2024-05-04;Decoración
1285;Lavadora;10355,0;5,0;2024-09-05;Electrodomésticos
987;Elementos de cerámica;10262,0;3,0;2024-01-13;Decoración
2634;Auriculares;12463,0;10,0;2024-03-22;Electrónica
500;Adorno de pared;11088,0;4,0;2024-09-30;Decoración
1704;Aspiradora;11182,0;9,0;2024-09-29;Electrodomésticos
895;Alfombra;10272,0;2,0;2024-02-07;Decoración
383;Espejo decorativo;11948,0;7,0;2024-06-24;Decoración
727;Elementos de cerámica;10886,0;6,0;2024-02-17;Decoración
1155;Lavadora;10909,0;3,0;2024-08-01;Electrodomésticos
2830;Consola de videojuegos;12372,0;3,0;2024-03-28;Electrónica
2718;SmartWatch;11023,0;11,0;2024-02-09;Electrónica
53;Espejo decorativo;11545,0;7,0;2024-01-14;Decoración
2658;SmartWatch;11511,0;3,0;2024-12-02;Electrónica
2358;SmartWatch;11854,0;3,0;2024-07-02;Electrónica
2274;Auriculares;11443,0;1,0;2024-11-18;Electrónica
2518;SmartWatch;11456,0;3,0;2024-07-27;Electrónica
2604;Auriculares;10641,0;3,0;2024-07-09;Electrónica
2789;Proyector;11519,0;11,0;2024-01-16;Electrónica
2211;Parlantes Bluetooth;10816,0;3,0;2024-05-06;Electrónica
2183;Smartphone;11092,0;7,0;2024-10-24;Electrónica
1399;Batidora;11091,0;8,0;2024-09-08;Electrodomésticos
452;Cuadro decorativo;11907,0;12,0;2024-04-21;Decoración
1167;Horno eléctrico;11970,0;6,0;2024-01-11;Electrodomésticos
1830;Plancha de vapor;12094,0;11,0;2024-04-28;Electrodomésticos
1487;Horno eléctrico;10275,0;9,0;2024-10-28;Electrodomésticos
1889;Batidora;12114,0;3,0;2024-04-02;Electrodomésticos
394;Jarrón decorativo;11483,0;10,0;2024-11-23;Decoración
2580;Consola de videojuegos;10755,0;7,0;2024-04-26;Electrónica
1683;Microondas;12094,0;2,0;2024-08-06;Electrodomésticos
2085;Auriculares;12256,0;6,0;2024-04-07;Electrónica
31;Lámpara de mesa;10082,0;8,0;2024-12-05;Decoración
7;Elementos de cerámica;12338,0;1,0;2024-09-16;Decoración
1425;Lavadora;11877,0;8,0;2024-04-20;Electrodomésticos
2557;Cámara digital;10702,0;5,0;2024-09-15;Electrónica
1774;Aspiradora;12080,0;3,0;2024-11-20;Electrodomésticos
682;Cuadro decorativo;11141,0;11,0;2024-09-13;Decoración
1153;Microondas;11178,0;5,0;2024-08-18;Electrodomésticos
2175;Auriculares;11703,0;6,0;2024-02-25;Electrónica
323;Espejo decorativo;12321,0;7,0;2024-01-19;Decoración
2860;Consola de videojuegos;10061,0;6,0;2024-05-12;Electrónica
2622;Televisor;10928,0;8,0;2024-08-11;Electrónica
2593;Smartphone;12347,0;7,0;2024-07-24;Electrónica
327;Elementos de cerámica;10559,0;9,0;2024-11-10;Decoración
44;Jarrón decorativo;11828,0;11,0;2024-05-21;Decoración
774;Jarrón decorativo;11558,0;12,0;2024-03-05;Decoración
685;Alfombra;10281,0;9,0;2024-03-09;Decoración
2062;Televisor;10198,0;7,0;2024-03-31;Electrónica
542;Cuadro decorativo;10402,0;9,0;2024-12-08;Decoración
1730;Plancha de vapor;10157,0;10,0;2024-02-11;Electrodomésticos
2404;Auriculares;10265,0;4,0;2024-05-03;Electrónica
1726;Secadora;10127,0;7,0;2024-05-01;Electrodomésticos
27;Elementos de cerámica;11253,0;11,0;2024-11-05;Decoración
462;Cuadro decorativo;10969,0;8,0;2024-02-11;Decoración
1867;Horno eléctrico;11408,0;9,0;2024-11-29;Electrodomésticos
